Headline,Release Date,Category,Owner
September 2020 Newsletter,2020-09-16,Main,
Concrete Maintenance,2020-06-29,Main,
Brookfield Residential Tree Planting Program,2020-06-01,Main,
2020 Lot Planting Program,2020-05-20,Main,
Career Coaching Fridays,2020-04-30,Main,
April-May 2020 Road Detours,2020-04-15,Main,
Livingston 2019 at a glance,2020-01-21,Main,
Annual General Meeting Update (December 2019),2019-12-09,Main,
2019 Livingston AGM,2019-11-19,Main,
Backpacks for Kids,2019-10-02,Main,
Movie in the Park,2019-08-12,Main,
Road Closures and Upgrades,2019-07-24,news,
Concrete and Asphalt Repairs,2019-07-18,news,
Outdoor Fitness Group Training,2019-06-24,Main,
2019 Tree Planting Program,2019-06-05,Main,
Sportball Registration,2019-06-03,Main,
On-Demand Transit Pilot,2019-04-11,Main,
Sportball Classes,2019-04-11,Main,
Livingston HOA Update - The Hub,2019-04-09,Main,
Annual General Meeting Update,2019-03-01,Main,
Calgary has many residents - both people and animals!,2019-01-21,default,
Centre Street Closure Update,2018-09-26,default,
Want the most up to date information on Livingston?,2018-08-23,Main,
Our HOA officially has a name!,2018-07-12,Main,
Vendor Connect Program,2018-07-11,news,
Update Your Contact Information!,2018-03-29,news,
Preferred Vendor Program,2018-01-24,news,
We're on Facebook!,2017-12-08,news,
Welcome,2017-05-04,news,
"Safer Homes, Safer Neighbourhoods",2017-05-04,news,
